code,country,gdp_pc,lfp_ratio,tertiary_gpi,tfr,gdp_pc_year,lfp_ratio_year,tertiary_gpi_year,tfr_year,men_unpaid_min,women_unpaid_min,men_share_unpaid_pct,tertiary_parity,public_parity,private_parity,mismatch,log_gdp,nonmarital_pct,nonmarital_year,mismatch_c,nonmarital_pct_c,log_gdp_c,predicted_tfr,residual
PRT,Portugal,42228.1580446502,87.9136368004613,1.17716002464294,1.41,2024,2024,2023,2024,96.2683438155136,328.156424581006,22.68207488908252,117.716002464294,102.81481963237763,45.36414977816504,57.45066985421261,10.650842529753197,59.50361147738013,2023,23.47798833636849,19.44920485667354,-0.25759475286684186,1.4400444094570892,-0.030044409457089305
JPN,Japan,47479.8448545667,77.7620812644241,0.974250018596649,1.15,2024,2024,2023,2024,47.0,208.0,18.431372549019606,97.42500185966487,87.59354156204449,36.86274509803921,50.73079646400528,10.768060581122787,2.4,2023,16.758114946161157,-37.654406620706595,-0.14037670149725123,1.0939342266339573,0.05606577336604257
KOR,Korea,55070.9386194121,78.7270888460952,0.891470015048981,0.748,2024,2024,2024,2024,48.9944848608272,215.008936662608,18.5582764716093,89.1470015048981,83.93704517549665,37.1165529432186,46.82049223227805,10.91637742622626,4.719860190933278,2024,12.847810714433926,-35.33454642977332,0.007940143606221639,1.1114401016236524,-0.36344010162365237
NZL,New Zealand,48325.3650985684,88.3777078220041,1.38266003131866,1.57,2024,2024,2024,2024,141.0,264.0,34.81481481481482,138.266003131866,113.32185547693504,69.62962962962963,43.69222584730541,10.785711859114071,48.4315540471048,2024,9.719544329461286,8.377147426398203,-0.12272542350596716,1.396069738129799,0.173930261870201
TUR,Türkiye,36154.490436557,51.1819459324086,1.07325994968414,1.48,2024,2024,2023,2024,67.5917389,305.047395,18.138658222122924,107.325994968414,79.2539704504113,36.27731644424585,42.976654006165454,10.49555643665154,3.0575704710311267,2023,9.003972488321331,-36.99683614967547,-0.4128808459684983,1.1035262835519584,0.3764737164480416
IRL,Ireland,118833.312071751,85.0285616847131,1.18614995479584,1.47,2024,2024,2022,2024,126.978151,292.508303,30.269904972902893,118.614995479584,101.82177858214855,60.539809945805786,41.28196863634277,11.685477051249016,38.4,2019,7.309287118498645,-1.6544066207065953,0.7770397686289776,1.3349349071563652,0.13506509284363477
LVA,Latvia,37615.0762450744,82.5614943041551,1.32453000545502,1.24,2024,2024,2024,2024,129.726897150602,253.2541126242,33.872932035685835,132.453000545502,107.50724742482856,67.74586407137167,39.76138335345688,10.53516021297816,37.34299516908213,2023,5.7887018356127555,-2.711411451624464,-0.3732770696418779,1.3303177437842169,-0.09031774378421686
ITA,Italy,53284.8745049149,69.9406791217783,1.29103994369507,1.18,2024,2024,2023,2024,130.70904349082,306.335941182031,29.907457601569764,129.10399436950698,99.52233674564263,59.81491520313953,39.70742154250311,10.883407789485068,40.45065676906473,2023,5.73474002465899,0.3962501483581349,-0.025029493134971048,1.3507537741904416,-0.1707537741904417
LTU,Lithuania,47462.0039386975,83.6876970696289,1.31260001659393,1.11,2024,2024,2024,2024,151.6108055203,291.951659066224,34.18026041983222,131.260001659393,107.47384936451095,68.36052083966445,39.11332852484651,10.767684752838296,27.25112738204917,2023,5.140647007002386,-12.803279238657424,-0.1407525297817429,1.2650435769382626,-0.15504357693826254
AUS,Australia,60309.5831772339,88.3372345525818,1.31058001518249,1.481,2024,2024,2024,2024,171.595818815331,311.0,35.55683910328147,131.058001518249,109.6976180354154,71.11367820656294,38.58393982885247,11.007246295083624,39.86926738165423,2023,4.611258311008349,-0.1851392390523614,0.09880901246358498,1.3486866364195211,0.13231336358047896
ESP,Spain,48460.2914069661,84.7972326723203,1.23163998126984,1.1,2024,2024,2024,2024,145.9093127,289.1279055,33.5395011267567,123.163998126984,103.98061539965217,67.0790022535134,36.90161314613876,10.788500007702954,49.95528874714692,2023,2.9289316282946345,9.90088212644033,-0.11993727491708484,1.4180091454429857,-0.31800914544298564
GRC,Greece,37474.2798239947,74.7298889681842,1.0673600435257,1.24,2024,2024,2023,2024,97.0,260.0,27.17086834733893,106.73600435257,90.73294666037712,54.34173669467787,36.39120996569924,10.531410105280996,9.688557032379402,2023,2.418528447855117,-30.365849588327194,-0.377027177339043,1.1520956860351488,0.08790431396485121
GBR,United Kingdom,53412.0647163589,87.3440799769064,1.27330994606018,1.551,2024,2024,2023,2024,140.081795190296,248.632290190633,36.03723159479023,127.330994606018,107.3375372914622,72.07446318958046,35.26307410188174,10.885791930447674,47.6,2024,1.290392584037619,7.545593379293408,-0.022645352172364852,1.4052602722857637,0.14573972771423627
SVN,Slovenia,48658.0265180267,83.2303046592149,1.34330999851227,1.52,2024,2024,2023,2024,166.462395543175,286.198749131341,36.77417368412945,134.330999851227,108.78065225522096,73.5483473682589,35.232304886962055,10.79257205895993,56.54246865618931,2023,1.2596233691179322,16.488062035482713,-0.11586522366010854,1.4648079984439686,0.055192001556031434
LUX,Luxembourg,128475.283540415,87.5372046407095,1.15877997875214,1.25,2024,2024,2024,2024,121.075181416472,239.61742768193,33.56741401469665,115.877997875214,101.70760125796176,67.1348280293933,34.57277322856845,11.76349181882756,38.95569620253165,2023,0.6000917107243282,-1.0987104181749459,0.8550545362075219,1.34881075510518,-0.09881075510518
EST,Estonia,41185.8348356109,87.2521649954421,1.33996999263763,1.18,2024,2024,2024,2024,139.187715531909,209.36915508837,39.93256976521956,133.996999263763,110.62458212960254,79.86513953043912,30.75944259916342,10.625849661550165,53.7948671111517,2023,-3.2132389186807018,13.740460490445109,-0.2825876210698741,1.4548920995593928,-0.27489209955939287
FRA,France,54799.3482689389,86.4381594764258,1.24828994274139,1.61,2024,2024,2024,2024,134.939453321805,224.030847649372,37.590701224232966,124.828994274139,105.6335768752824,75.18140244846593,30.45217442681647,10.91143357996281,58.4979648638648,2023,-3.5205070910276532,18.443558243158208,0.0029962973427721806,1.4872735966339177,0.12272640336608243
BEL,Belgium,63311.2766917178,84.269283955614,1.27315998077393,1.44,2024,2024,2023,2024,144.172378478972,237.322972016499,37.79138547605538,127.315998077393,105.7926410165035,75.58277095211076,30.20987006439273,11.055818739054605,52.4,2018,-3.7628114534513912,12.345593379293405,0.1473814564345659,1.4464785468438488,-0.006478546843848854
AUT,Austria,63787.9891749462,84.1529722669421,1.23399996757507,1.31,2024,2024,2024,2024,138.51473,237.79821,36.80838878407954,123.399996757507,103.77648451222456,73.61677756815908,30.15970694406548,11.06332019416424,40.019328651504416,2023,-3.812974573778643,-0.03507796920217743,0.15488291154420075,1.3627573167962839,-0.052757316796283815
HUN,Hungary,40747.1986679668,80.4763665951624,1.21092998981476,1.41,2024,2024,2024,2024,162.341045980129,293.767324683589,35.592647805146434,121.092998981476,100.7846827883192,71.18529561029287,29.599387178026333,10.615142371961635,24.42312737393209,2023,-4.3732943398177895,-15.631279246774504,-0.2932949106584033,1.2578449880400977,0.15215501195990222
MEX,Mexico,21970.3520412926,61.4051673897559,1.16029000282288,1.892,2024,2024,2024,2024,147.359370199201,348.516655805618,29.71697812988623,116.029000282288,88.71708383602194,59.43395625977246,29.283127576249484,9.99744918897775,73.68554952510176,2024,-4.689553941594639,33.63114290439517,-0.9109880936422883,1.5927076616322042,0.2992923383677957
POL,Poland,45153.0439773281,78.6846732145022,1.365110039711,1.14,2024,2024,2024,2024,189.473693847656,292.593627929688,39.304405274574826,136.5110039711,107.5978385928011,78.60881054914965,28.989028043651444,10.717812975782484,28.716723374111307,2023,-4.983653474192678,-11.337683246595287,-0.19062430683755416,1.287755976589096,-0.14775597658909612
SWE,Sweden,62558.4065876041,91.0110370064333,1.40059995651245,1.43,2024,2024,2024,2024,171.0,220.152883947186,43.716921699365166,140.059995651245,115.53551632883917,87.43384339873033,28.10167293010882,11.04385590474783,57.4477016721472,2023,-5.871008587735304,17.393295051440603,0.13541862212779066,1.4847634633185842,-0.05476346331858428
CAN,Canada,57534.0915185335,87.3440414058321,1.26879000663757,1.25,2024,2024,2023,2024,163.9218968153,247.182051444054,39.87358854356861,126.879000663757,107.11152103479456,79.74717708713722,27.36434394765733,10.960132947066562,28.982369966493327,2024,-6.608337570186794,-11.072036654213267,0.05169566444652318,1.2916724128097226,-0.04167241280972256
USA,United States,75698.1773354629,83.9769572253649,1.31957995891571,1.6265,2024,2024,2022,2024,159.102722167969,234.696731567383,40.40196619340463,131.957995891571,107.96747655846796,80.80393238680925,27.1635441716587,11.234509361664903,40.0,2023,-6.809137346185423,-0.054406620706593856,0.3260720790448648,1.367278550225538,0.25922144977446204
NOR,Norway,94803.6704931641,89.8291152930997,1.33644998073578,1.45,2024,2024,2024,2024,159.932403385848,212.059552540682,42.99351124072031,133.644998073578,111.73705668333884,85.98702248144062,25.75003420189823,11.4595634057759,61.1757690014043,2023,-8.222647315945892,21.121362380697704,0.5511261231558606,1.5149744352023031,-0.06497443520230317
NLD,Netherlands,70493.9051219267,87.1533312081607,1.16398000717163,1.43,2024,2024,2023,2024,145.417069878142,224.946109997294,39.263371139390806,116.398000717163,101.77566596266183,78.52674227878161,23.24892368388024,11.163281532891904,42.14010833682905,2023,-10.723757833963884,2.0857017161224576,0.25484425027186575,1.3881847389069846,0.041815261093015366
DNK,Denmark,71034.5789667138,87.895625568272,1.29445004463196,1.47,2024,2024,2024,2024,186.136081859719,242.808720907722,43.39394734679546,129.445004463196,108.670315015734,86.78789469359093,21.882420322143066,11.170922065164149,54.7,2021,-12.090261195701057,14.645593379293409,0.2624847825441101,1.4777914048729768,-0.007791404872976804
FIN,Finland,55901.3202296588,89.7341293091162,1.24652004241943,1.25,2024,2024,2024,2024,161.987690264496,208.748649916855,43.69350201419624,124.652004241943,107.1930667755296,87.38700402839247,19.806062747137133,10.93134327656839,48.40375262199479,2023,-14.16661877070699,8.349346001288197,0.02290599394835091,1.4375943386469698,-0.18759433864696984
DEU,Germany,62654.602264023,83.7403270000903,1.09973001480102,1.36,2024,2024,2024,2024,151.641156779146,232.621356855328,39.46290658041997,109.973001480102,96.85666424009617,78.92581316083994,17.930851079256215,11.045392417546726,33.07628259611624,2023,-16.04183043858791,-6.97812402459035,0.1369551349266871,1.3327952147237672,0.027204785276232935
